CERN CERN-01 CERN-02 1 15 doCoincCERN_01_02new.C 1000
BOLO BOLO-01 BOLO-04 2 96 doCoincBOLO_01_04new.C 120
LODI LODI-01 LODI-02 5 167 doCoincLODI_01_02new.C 80
LAQU LAQU-01 LAQU-02 5 204 doCoincLAQU_01_02new.C 60
GROS GROS-01 GROS-02 10 418 doCoincGROS_01_02new.C 15
CAGL CAGL-01 CAGL-02 10 520 doCoincCAGL_01_02new.C 15
FRAS FRAS-02 FRAS-03 10 624 doCoincFRAS_02_03new.C 12
SAVO SAVO-01 SAVO-02 180 1200 doCoincSAVO_01_02new.C 5
